Time,CurrEstab,TCP_tw,Sockets_used,UDP_inuse,TCP_alloc,Tcp_InSegs,Tcp_OutSegs,Tcp_RetransSegs
2026-06-08 18:26:30,,,,,,,,
2026-06-08 18:26:31,,,,,,,,
2026-06-08 18:26:32,,,,,,,,
2026-06-08 18:26:33,,,,,,,,
2026-06-08 18:26:34,,,,,,,,
2026-06-08 18:26:35,,,,,,,,
2026-06-08 18:26:36,,,,,,,,
2026-06-08 18:26:37,,,,,,,,
2026-06-08 18:26:38,,,,,,,,
2026-06-08 18:26:39,,,,,,,,
2026-06-08 18:26:40,,,,,,,,
2026-06-08 18:26:41,,,,,,,,
2026-06-08 18:26:42,,,,,,,,
2026-06-08 18:26:43,,,,,,,,
2026-06-08 18:26:44,,,,,,,,
2026-06-08 18:26:45,,,,,,,,
2026-06-08 18:26:46,,,,,,,,
2026-06-08 18:26:47,,,,,,,,
2026-06-08 18:26:48,,,,,,,,
2026-06-08 18:26:49,,,,,,,,
2026-06-08 18:26:50,,,,,,,,
2026-06-08 18:26:51,,,,,,,,
2026-06-08 18:26:52,,,,,,,,
2026-06-08 18:26:53,,,,,,,,
2026-06-08 18:26:54,,,,,,,,
2026-06-08 18:26:55,,,,,,,,
2026-06-08 18:26:56,,,,,,,,
2026-06-08 18:26:57,,,,,,,,
2026-06-08 18:26:58,,,,,,,,
2026-06-08 18:26:59,,,,,,,,
2026-06-08 18:27:00,,,,,,,,
2026-06-08 18:27:01,,,,,,,,
2026-06-08 18:27:02,,,,,,,,
2026-06-08 18:27:03,,,,,,,,
2026-06-08 18:27:04,,,,,,,,
2026-06-08 18:27:05,,,,,,,,
2026-06-08 18:27:06,,,,,,,,
2026-06-08 18:27:07,,,,,,,,
2026-06-08 18:27:08,,,,,,,,
2026-06-08 18:27:09,,,,,,,,
2026-06-08 18:27:10,,,,,,,,
2026-06-08 18:27:11,,,,,,,,
2026-06-08 18:27:12,,,,,,,,
2026-06-08 18:27:13,,,,,,,,
2026-06-08 18:27:14,,,,,,,,
2026-06-08 18:27:15,,,,,,,,
2026-06-08 18:27:16,,,,,,,,
2026-06-08 18:27:17,,,,,,,,
2026-06-08 18:27:18,,,,,,,,
2026-06-08 18:27:19,,,,,,,,
2026-06-08 18:27:20,,,,,,,,
2026-06-08 18:27:21,,,,,,,,
2026-06-08 18:27:22,,,,,,,,
2026-06-08 18:27:23,,,,,,,,
2026-06-08 18:27:24,,,,,,,,
2026-06-08 18:27:25,,,,,,,,
2026-06-08 18:27:26,,,,,,,,
2026-06-08 18:27:27,,,,,,,,
2026-06-08 18:27:28,,,,,,,,
2026-06-08 18:27:29,,,,,,,,
2026-06-08 18:27:30,,,,,,,,
2026-06-08 18:27:31,,,,,,,,
2026-06-08 18:27:32,,,,,,,,
2026-06-08 18:27:33,,,,,,,,
2026-06-08 18:27:34,,,,,,,,
2026-06-08 18:27:35,,,,,,,,
2026-06-08 18:27:36,,,,,,,,
2026-06-08 18:27:37,,,,,,,,
2026-06-08 18:27:38,,,,,,,,
2026-06-08 18:27:39,,,,,,,,
2026-06-08 18:27:40,,,,,,,,
2026-06-08 18:27:41,,,,,,,,
2026-06-08 18:27:42,,,,,,,,
2026-06-08 18:27:43,,,,,,,,
2026-06-08 18:27:44,,,,,,,,
2026-06-08 18:27:45,,,,,,,,
2026-06-08 18:27:46,,,,,,,,
2026-06-08 18:27:47,,,,,,,,
2026-06-08 18:27:48,,,,,,,,
2026-06-08 18:27:49,,,,,,,,
2026-06-08 18:27:50,,,,,,,,
2026-06-08 18:27:51,,,,,,,,
2026-06-08 18:27:52,,,,,,,,
2026-06-08 18:27:53,,,,,,,,
2026-06-08 18:27:54,,,,,,,,
2026-06-08 18:27:55,,,,,,,,
2026-06-08 18:27:56,,,,,,,,
2026-06-08 18:27:57,,,,,,,,
2026-06-08 18:27:58,,,,,,,,
2026-06-08 18:27:59,,,,,,,,
2026-06-08 18:28:00,,,,,,,,
2026-06-08 18:28:01,,,,,,,,
2026-06-08 18:28:02,,,,,,,,
2026-06-08 18:28:03,,,,,,,,
2026-06-08 18:28:04,,,,,,,,
2026-06-08 18:28:05,,,,,,,,
2026-06-08 18:28:06,,,,,,,,
2026-06-08 18:28:07,,,,,,,,
2026-06-08 18:28:08,,,,,,,,
2026-06-08 18:28:09,,,,,,,,
2026-06-08 18:28:10,,,,,,,,
2026-06-08 18:28:11,,,,,,,,
2026-06-08 18:28:12,,,,,,,,
2026-06-08 18:28:13,,,,,,,,
2026-06-08 18:28:14,,,,,,,,
2026-06-08 18:28:15,,,,,,,,
2026-06-08 18:28:16,,,,,,,,
2026-06-08 18:28:17,,,,,,,,
2026-06-08 18:28:18,,,,,,,,
2026-06-08 18:28:19,,,,,,,,
2026-06-08 18:28:20,,,,,,,,
2026-06-08 18:28:21,,,,,,,,
2026-06-08 18:28:22,,,,,,,,
2026-06-08 18:28:23,,,,,,,,
2026-06-08 18:28:24,,,,,,,,
2026-06-08 18:28:25,,,,,,,,
2026-06-08 18:28:26,,,,,,,,
2026-06-08 18:28:27,,,,,,,,
2026-06-08 18:28:28,,,,,,,,
2026-06-08 18:28:29,,,,,,,,
2026-06-08 18:28:30,,,,,,,,
2026-06-08 18:28:31,,,,,,,,
2026-06-08 18:28:32,,,,,,,,
2026-06-08 18:28:33,,,,,,,,
2026-06-08 18:28:34,,,,,,,,
2026-06-08 18:28:35,,,,,,,,
2026-06-08 18:28:36,,,,,,,,
2026-06-08 18:28:37,,,,,,,,
2026-06-08 18:28:38,,,,,,,,
2026-06-08 18:28:39,,,,,,,,
2026-06-08 18:28:40,,,,,,,,
2026-06-08 18:28:41,,,,,,,,
2026-06-08 18:28:42,,,,,,,,
2026-06-08 18:28:43,,,,,,,,
2026-06-08 18:28:44,,,,,,,,
2026-06-08 18:28:45,,,,,,,,
2026-06-08 18:28:46,,,,,,,,
2026-06-08 18:28:47,,,,,,,,
2026-06-08 18:28:48,,,,,,,,
2026-06-08 18:28:49,,,,,,,,
2026-06-08 18:28:50,,,,,,,,
2026-06-08 18:28:51,,,,,,,,
2026-06-08 18:28:52,,,,,,,,
2026-06-08 18:28:53,,,,,,,,
2026-06-08 18:28:54,,,,,,,,
2026-06-08 18:28:55,,,,,,,,
2026-06-08 18:28:56,,,,,,,,
2026-06-08 18:28:57,,,,,,,,
2026-06-08 18:28:58,,,,,,,,
2026-06-08 18:28:59,,,,,,,,
2026-06-08 18:29:00,224,76,,1,358,,,
2026-06-08 18:29:01,224,76,,1,358,,,
2026-06-08 18:29:02,224,77,,1,359,,,
2026-06-08 18:29:03,223,77,,1,360,,,
2026-06-08 18:29:04,223,78,,1,361,,,
2026-06-08 18:29:05,223,79,,1,362,,,
2026-06-08 18:29:06,224,80,,1,363,,,
2026-06-08 18:29:07,224,82,,1,364,,,
2026-06-08 18:29:08,225,83,,1,366,,,
2026-06-08 18:29:09,224,84,,1,367,,,
2026-06-08 18:29:10,224,84,,1,369,,,
2026-06-08 18:29:11,223,85,,1,371,,,
2026-06-08 18:29:12,223,85,,1,373,,,
2026-06-08 18:29:13,223,86,,1,374,,,
2026-06-08 18:29:14,223,87,,1,374,,,
2026-06-08 18:29:15,223,87,,1,374,244.0,252.0,0.533
2026-06-08 18:29:16,223,87,,1,374,246.785,255.342,0.563
2026-06-08 18:29:17,223,88,,1,374,248.579,258.91,0.5718
2026-06-08 18:29:18,223,89,,1,374,248.567,259.6,0.5601
2026-06-08 18:29:19,223,91,,1,374,247.986,256.778,0.5494
2026-06-08 18:29:20,223,92,,1,375,248.247,252.69,0.5462
2026-06-08 18:29:21,222,94,,1,376,249.067,250.276,0.524
2026-06-08 18:29:22,222,96,,1,377,248.661,250.571,0.4454
2026-06-08 18:29:23,221,99,,1,378,245.846,252.138,0.3059
2026-06-08 18:29:24,221,101,,1,378,241.817,252.951,0.1525
2026-06-08 18:29:25,221,104,,1,379,239.613,252.652,0.0549
2026-06-08 18:29:26,221,106,,1,379,241.539,252.852,0.0514
2026-06-08 18:29:27,221,107,,1,380,246.949,255.182,0.1183
2026-06-08 18:29:28,221,108,,1,380,252.568,259.167,0.1915
2026-06-08 18:29:29,221,109,,1,380,255.142,262.235,0.2193
2026-06-08 18:29:30,221,109,,1,380,254.0,262.0,0.2
2026-06-08 18:29:31,221,109,,1,380,254.747,259.462,0.205
2026-06-08 18:29:32,221,108,,1,380,259.052,257.1,0.245
2026-06-08 18:29:33,221,108,,1,379,263.831,257.939,0.2775
2026-06-08 18:29:34,221,107,,1,378,267.195,262.187,0.2735
2026-06-08 18:29:35,220,107,,1,377,269.905,267.515,0.2426
2026-06-08 18:29:36,220,106,,1,376,273.828,271.83,0.2154
2026-06-08 18:29:37,220,105,,1,376,279.19,275.536,0.2055
2026-06-08 18:29:38,220,103,,1,376,283.662,280.888,0.1918
2026-06-08 18:29:39,220,102,,1,375,284.42,289.108,0.1401
2026-06-08 18:29:40,221,101,,1,374,281.179,298.319,0.044
2026-06-08 18:29:41,221,100,,1,374,277.063,304.616,0.0
2026-06-08 18:29:42,220,99,,1,373,276.172,305.441,0.0
2026-06-08 18:29:43,220,98,,1,373,280.004,302.023,0.0
2026-06-08 18:29:44,220,98,,1,372,286.066,298.429,0.0
2026-06-08 18:29:45,220,98,,1,372,290.0,298.0,0.0
2026-06-08 18:29:46,220,98,,1,372,292.627,300.171,0.0162
2026-06-08 18:29:47,220,98,,1,372,292.412,300.117,0.0
2026-06-08 18:29:48,220,98,,1,372,286.663,298.139,0.0
2026-06-08 18:29:49,220,98,,1,373,275.915,295.936,0.0
2026-06-08 18:29:50,221,98,,1,374,264.458,293.939,0.0
2026-06-08 18:29:51,222,98,,1,375,257.424,290.206,0.0
2026-06-08 18:29:52,222,98,,1,376,256.883,282.298,0.0
2026-06-08 18:29:53,222,97,,1,377,260.448,270.377,0.0856
2026-06-08 18:29:54,222,97,,1,378,263.575,258.237,0.1367
2026-06-08 18:29:55,221,96,,1,378,263.338,250.864,0.1375
2026-06-08 18:29:56,221,96,,1,379,260.258,250.522,0.1215
2026-06-08 18:29:57,221,96,,1,379,256.798,254.932,0.1143
2026-06-08 18:29:58,222,96,,1,380,254.464,259.269,0.1122
2026-06-08 18:29:59,222,96,,1,380,252.598,260.15,0.0966
2026-06-08 18:30:00,222,96,653,1,380,250.0,258.0,0.0666
2026-06-08 18:30:01,222,96,,1,380,254.585,260.496,0.0454
2026-06-08 18:30:02,222,96,,1,380,257.757,260.279,0.0741
2026-06-08 18:30:03,222,96,,1,380,257.841,259.352,0.1264
2026-06-08 18:30:04,222,97,,1,380,256.597,260.376,0.1602
2026-06-08 18:30:05,222,97,,1,380,256.96,263.747,0.1575
2026-06-08 18:30:06,222,98,,1,380,259.93,267.417,0.137
2026-06-08 18:30:07,223,98,,1,380,263.751,269.511,0.1282
2026-06-08 18:30:08,223,99,,1,379,266.102,270.85,0.1358
2026-06-08 18:30:09,224,100,,1,379,266.893,274.548,0.1329
2026-06-08 18:30:10,224,101,,1,379,268.652,282.863,0.09
2026-06-08 18:30:11,223,102,,1,379,273.95,294.399,0.011
2026-06-08 18:30:12,223,102,,1,378,282.416,304.585,0.0
2026-06-08 18:30:13,223,102,,1,378,290.417,309.23,0.0
2026-06-08 18:30:14,223,102,,1,378,293.937,307.905,0.0
2026-06-08 18:30:15,223,102,,1,378,292.0,304.0,0.0
2026-06-08 18:30:16,223,102,,1,378,291.157,300.954,0.0
2026-06-08 18:30:17,223,102,,1,378,289.336,301.501,0.0
2026-06-08 18:30:18,223,102,,1,378,285.826,304.679,0.0
2026-06-08 18:30:19,223,102,,1,378,279.386,306.806,0.0
2026-06-08 18:30:20,223,102,,1,379,270.778,305.013,0.0
2026-06-08 18:30:21,223,102,,1,379,263.531,299.724,0.0
2026-06-08 18:30:22,224,101,,1,380,261.623,293.802,0.0
2026-06-08 18:30:23,224,101,,1,381,265.98,289.423,0.0
2026-06-08 18:30:24,224,100,,1,382,273.143,285.964,0.0
2026-06-08 18:30:25,223,99,,1,383,277.619,281.04,0.0
2026-06-08 18:30:26,223,99,,1,384,276.032,273.565,0.0
2026-06-08 18:30:27,223,99,,1,384,269.444,265.581,0.0
2026-06-08 18:30:28,223,99,,1,384,261.975,260.809,0.0
2026-06-08 18:30:29,223,99,,1,384,257.244,261.216,0.0
2026-06-08 18:30:30,223,99,,1,384,256.0,265.0,0.0
2026-06-08 18:30:31,223,99,,1,384,254.965,268.151,0.0461
2026-06-08 18:30:32,223,99,,1,384,250.348,267.898,0.0463
2026-06-08 18:30:33,223,98,,1,384,245.229,263.1,0.0
2026-06-08 18:30:34,224,98,,1,383,242.67,255.908,0.0
2026-06-08 18:30:35,225,97,,1,383,243.176,249.744,0.0
2026-06-08 18:30:36,226,96,,1,382,244.653,246.294,0.0
2026-06-08 18:30:37,227,94,,1,382,244.752,244.421,0.0
2026-06-08 18:30:38,227,92,,1,381,243.179,241.908,0.0862
2026-06-08 18:30:39,227,90,,1,381,241.696,238.111,0.1451
2026-06-08 18:30:40,227,89,,1,381,241.931,234.741,0.1784
2026-06-08 18:30:41,228,89,,1,381,243.373,233.998,0.2146
2026-06-08 18:30:42,228,88,,1,381,243.706,236.008,0.2649
2026-06-08 18:30:43,229,87,,1,381,241.235,238.31,0.307
2026-06-08 18:30:44,229,87,,1,380,236.941,238.082,0.3086
2026-06-08 18:30:45,229,87,,1,380,234.0,235.0,0.267
2026-06-08 18:30:46,229,87,,1,380,239.322,240.005,0.22
2026-06-08 18:30:47,228,88,,1,380,253.132,246.647,0.2314
2026-06-08 18:30:48,228,89,,1,381,271.762,257.879,0.3063
2026-06-08 18:30:49,228,90,,1,382,287.35,273.025,0.4038
2026-06-08 18:30:50,228,91,,1,382,293.628,287.371,0.4774
2026-06-08 18:30:51,227,93,,1,383,291.715,297.394,0.5165
2026-06-08 18:30:52,227,94,,1,384,290.112,305.934,0.5486
2026-06-08 18:30:53,227,95,,1,385,298.267,321.201,0.6015
2026-06-08 18:30:54,227,96,,1,386,319.161,349.615,0.6683
2026-06-08 18:30:55,226,97,,1,387,347.331,388.917,0.7104
2026-06-08 18:30:56,226,98,,1,388,373.722,428.312,0.6979
2026-06-08 18:30:57,226,99,,1,389,392.524,455.96,0.6449
2026-06-08 18:30:58,226,100,,1,390,403.78,467.274,0.6023
2026-06-08 18:30:59,225,101,,1,390,410.14,466.71,0.6122
2026-06-08 18:31:00,225,101,,1,390,412.0,462.0,0.667
2026-06-08 18:31:01,225,101,,1,390,404.508,453.584,0.6353
2026-06-08 18:31:02,225,101,,1,389,394.786,439.237,0.5379
2026-06-08 18:31:03,225,102,,1,389,389.367,426.825,0.4212
2026-06-08 18:31:04,225,102,,1,388,391.052,422.883,0.3561
2026-06-08 18:31:05,225,102,,1,388,395.535,426.447,0.3803
2026-06-08 18:31:06,225,101,,1,388,394.183,428.89,0.4646
2026-06-08 18:31:07,225,101,,1,388,380.928,420.559,0.5344
2026-06-08 18:31:08,225,100,,1,388,357.226,398.533,0.5299
2026-06-08 18:31:09,225,100,,1,387,330.707,368.68,0.4494
2026-06-08 18:31:10,225,100,,1,386,309.023,340.495,0.3404
2026-06-08 18:31:11,224,101,,1,385,294.667,319.838,0.2512
2026-06-08 18:31:12,224,101,,1,385,285.194,306.213,0.1923
2026-06-08 18:31:13,225,101,,1,384,277.8,296.345,0.1438
2026-06-08 18:31:14,225,101,,1,384,273.069,289.552,0.0944
2026-06-08 18:31:15,225,101,,1,384,274.0,289.0,0.0667
2026-06-08 18:31:16,225,101,,1,384,277.374,286.583,0.1401
2026-06-08 18:31:17,225,101,,1,384,281.31,289.394,0.2159
2026-06-08 18:31:18,226,102,,1,385,282.383,298.121,0.2414
2026-06-08 18:31:19,226,102,,1,385,278.632,309.129,0.2183
2026-06-08 18:31:20,227,102,,1,386,272.172,316.974,0.1941
2026-06-08 18:31:21,227,103,,1,386,268.351,318.683,0.2127
2026-06-08 18:31:22,226,103,,1,386,271.766,315.897,0.2739
2026-06-08 18:31:23,226,104,,1,386,282.547,313.011,0.3398
2026-06-08 18:31:24,227,105,,1,387,296.245,313.199,0.3796
2026-06-08 18:31:25,227,107,,1,388,307.367,316.099,0.4041
2026-06-08 18:31:26,228,107,,1,389,313.306,319.107,0.4532
2026-06-08 18:31:27,228,108,,1,390,315.277,320.59,0.5496
2026-06-08 18:31:28,229,108,,1,390,315.883,321.551,0.6658
2026-06-08 18:31:29,229,108,,1,390,316.139,324.02,0.7408
2026-06-08 18:31:30,229,108,,1,390,315.0,328.0,0.733
2026-06-08 18:31:31,229,108,,1,390,316.673,329.91,0.7602
2026-06-08 18:31:32,229,108,,1,390,317.112,329.599,0.7577
2026-06-08 18:31:33,229,109,,1,389,315.161,324.049,0.6839
2026-06-08 18:31:34,229,109,,1,389,312.201,312.116,0.5233
2026-06-08 18:31:35,229,109,,1,388,309.92,297.026,0.3207
2026-06-08 18:31:36,229,110,,1,388,307.643,285.026,0.1616
2026-06-08 18:31:37,228,112,,1,388,302.342,280.915,0.1109
2026-06-08 18:31:38,227,113,,1,388,291.667,284.311,0.1622
2026-06-08 18:31:39,227,114,,1,387,277.049,290.07,0.2447
2026-06-08 18:31:40,226,115,,1,386,263.577,292.481,0.2808
2026-06-08 18:31:41,227,116,,1,385,256.366,289.476,0.2429
2026-06-08 18:31:42,227,116,,1,384,256.586,283.281,0.1618
2026-06-08 18:31:43,227,117,,1,384,260.769,277.45,0.0855
2026-06-08 18:31:44,227,117,,1,384,264.002,273.59,0.0349
2026-06-08 18:31:45,227,117,,1,384,264.0,271.0,0.0
2026-06-08 18:31:46,227,117,,1,384,262.281,271.59,0.0
2026-06-08 18:31:47,226,118,,1,384,259.569,269.055,0.0
2026-06-08 18:31:48,226,118,,1,383,257.613,263.927,0.0133
2026-06-08 18:31:49,225,119,,1,381,259.014,259.562,0.0753
2026-06-08 18:31:50,224,119,,1,380,264.719,259.716,0.1919
2026-06-08 18:31:51,224,119,,1,379,272.479,265.402,0.3286
2026-06-08 18:31:52,223,119,,1,377,278.041,273.919,0.4187
2026-06-08 18:31:53,222,120,,1,376,278.266,280.979,0.4125
2026-06-08 18:31:54,221,121,,1,374,273.477,284.008,0.3204
2026-06-08 18:31:55,219,121,,1,373,266.996,283.664,0.2091
2026-06-08 18:31:56,218,121,,1,372,262.373,282.427,0.1506
2026-06-08 18:31:57,217,122,,1,371,260.872,281.944,0.1705
2026-06-08 18:31:58,216,122,,1,371,261.337,281.799,0.2378
2026-06-08 18:31:59,216,123,,1,370,262.145,280.78,0.3011
2026-06-08 18:32:00,216,123,,1,370,263.0,279.0,0.333
2026-06-08 18:32:01,216,123,,1,370,260.371,276.326,0.3318
2026-06-08 18:32:02,216,123,,1,370,260.568,277.524,0.3337
2026-06-08 18:32:03,216,123,,1,371,261.836,284.046,0.3276
2026-06-08 18:32:04,216,123,,1,372,262.248,292.517,0.3409
2026-06-08 18:32:05,215,123,,1,372,262.276,296.63,0.4012
2026-06-08 18:32:06,215,122,,1,372,264.279,292.088,0.4854
2026-06-08 18:32:07,216,120,,1,372,269.424,280.225,0.5186
2026-06-08 18:32:08,217,119,,1,372,275.388,266.96,0.4313
2026-06-08 18:32:09,218,119,,1,373,277.564,258.071,0.2269
2026-06-08 18:32:10,219,118,,1,373,272.999,255.109,0.0
2026-06-08 18:32:11,219,118,,1,373,263.382,255.429,0.0
2026-06-08 18:32:12,219,117,,1,373,254.092,255.764,0.0
2026-06-08 18:32:13,219,117,,1,373,250.001,255.467,0.0
2026-06-08 18:32:14,219,117,,1,374,251.78,256.234,0.0
2026-06-08 18:32:15,219,117,,1,374,256.0,259.0,0.0
2026-06-08 18:32:16,219,117,,1,374,259.128,256.993,0.1061
2026-06-08 18:32:17,219,116,,1,374,264.031,255.232,0.1629
2026-06-08 18:32:18,219,116,,1,374,266.227,256.279,0.148
2026-06-08 18:32:19,219,115,,1,374,263.62,262.783,0.1163
2026-06-08 18:32:20,218,114,,1,373,258.072,273.963,0.1332
2026-06-08 18:32:21,217,114,,1,372,253.217,284.725,0.2063
2026-06-08 18:32:22,216,113,,1,371,250.859,288.892,0.2836
2026-06-08 18:32:23,216,113,,1,370,249.564,284.018,0.3176
2026-06-08 18:32:24,216,113,,1,370,246.752,273.462,0.325
2026-06-08 18:32:25,216,113,,1,370,241.967,263.794,0.3775
2026-06-08 18:32:26,217,111,,1,369,237.832,259.815,0.5281
2026-06-08 18:32:27,217,110,,1,369,237.575,261.566,0.7466
2026-06-08 18:32:28,216,109,,1,369,241.569,265.631,0.9323
2026-06-08 18:32:29,216,109,,1,369,246.466,268.916,0.9955
2026-06-08 18:32:30,216,109,,1,369,248.0,271.0,0.933
2026-06-08 18:32:31,216,109,,1,369,244.636,273.068,0.8763
2026-06-08 18:32:32,216,109,,1,369,246.723,274.191,0.7124
2026-06-08 18:32:33,217,109,,1,368,253.708,275.749,0.537
2026-06-08 18:32:34,217,108,,1,368,261.312,277.283,0.4577
2026-06-08 18:32:35,217,107,,1,367,265.452,276.061,0.5053
2026-06-08 18:32:36,217,106,,1,367,265.66,269.861,0.61
2026-06-08 18:32:37,217,105,,1,366,264.802,260.181,0.6655
2026-06-08 18:32:38,217,104,,1,365,265.635,252.306,0.6185
2026-06-08 18:32:39,216,103,,1,364,267.833,251.575,0.503
2026-06-08 18:32:40,216,103,,1,363,268.522,258.995,0.3916
2026-06-08 18:32:41,215,103,,1,364,265.694,270.225,0.3197
2026-06-08 18:32:42,215,103,,1,364,260.863,278.944,0.2602
2026-06-08 18:32:43,215,103,,1,364,258.059,281.6,0.171
2026-06-08 18:32:44,216,102,,1,363,259.966,279.379,0.0609
2026-06-08 18:32:45,216,102,,1,363,265.0,276.0,0.0
2026-06-08 18:32:46,216,102,,1,363,262.566,281.18,0.0
2026-06-08 18:32:47,217,101,,1,364,255.29,282.325,0.0
2026-06-08 18:32:48,218,101,,1,365,248.261,275.718,0.0
2026-06-08 18:32:49,218,101,,1,367,245.937,262.996,0.0747
2026-06-08 18:32:50,219,101,,1,368,248.475,250.174,0.2807
2026-06-08 18:32:51,220,100,,1,371,252.145,242.784,0.4478
2026-06-08 18:32:52,221,100,,1,374,253.22,241.626,0.4907
2026-06-08 18:32:53,223,100,,1,378,251.4,242.964,0.4064
2026-06-08 18:32:54,226,100,,1,381,249.487,242.657,0.2715
2026-06-08 18:32:55,228,100,,1,383,249.88,240.005,0.1759
2026-06-08 18:32:56,229,100,,1,385,251.679,237.631,0.1559
2026-06-08 18:32:57,230,99,,1,387,251.493,237.886,0.1835
2026-06-08 18:32:58,231,99,,1,388,247.194,239.775,0.2137
2026-06-08 18:32:59,231,98,,1,389,240.741,239.808,0.2343
2026-06-08 18:33:00,231,98,,1,389,237.0,236.0,0.267
2026-06-08 18:33:01,231,97,,1,389,236.87,237.254,0.2315
2026-06-08 18:33:02,233,96,,1,390,235.375,235.438,0.2295
2026-06-08 18:33:03,234,95,,1,392,232.386,232.716,0.3211
2026-06-08 18:33:04,236,94,,1,394,225.868,229.729,0.5424
2026-06-08 18:33:05,238,93,,1,396,214.893,224.629,0.8401
2026-06-08 18:33:06,239,91,,1,398,202.316,215.486,1.0824
2026-06-08 18:33:07,241,89,,1,400,193.838,203.526,1.1516
2026-06-08 18:33:08,243,87,,1,402,193.715,193.521,1.0377
2026-06-08 18:33:09,246,84,,1,404,200.921,190.398,0.8494
2026-06-08 18:33:10,248,81,,1,406,209.498,194.971,0.7284
2026-06-08 18:33:11,249,79,,1,408,213.034,202.886,0.7449
2026-06-08 18:33:12,251,77,,1,409,209.408,207.948,0.8618
2026-06-08 18:33:13,252,76,,1,410,201.722,206.962,0.9916
2026-06-08 18:33:14,253,75,,1,411,194.992,201.782,1.0792
2026-06-08 18:33:15,254,75,,1,412,192.0,197.0,1.13
2026-06-08 18:33:16,254,75,,1,412,197.664,191.167,1.089
2026-06-08 18:33:17,252,75,,1,411,207.659,185.261,1.1618
2026-06-08 18:33:18,250,76,,1,409,218.692,189.276,1.3605
2026-06-08 18:33:19,247,77,,1,406,232.632,207.821,1.5911
2026-06-08 18:33:20,245,79,,1,403,252.026,235.997,1.7126
2026-06-08 18:33:21,243,81,,1,401,274.307,264.068,1.6482
2026-06-08 18:33:22,240,83,,1,398,291.554,286.068,1.449
2026-06-08 18:33:23,238,85,,1,396,296.91,303.869,1.2495
2026-06-08 18:33:24,235,86,,1,393,291.651,323.086,1.1594
2026-06-08 18:33:25,232,87,,1,391,285.577,345.466,1.1871
2026-06-08 18:33:26,229,89,,1,388,289.526,365.851,1.261
2026-06-08 18:33:27,227,90,,1,386,306.456,376.963,1.3145
2026-06-08 18:33:28,225,91,,1,385,329.101,377.087,1.346
2026-06-08 18:33:29,223,91,,1,384,346.148,372.558,1.3951
2026-06-08 18:33:30,223,91,,1,383,351.0,372.0,1.47
2026-06-08 18:33:31,223,91,,1,383,350.459,371.826,1.4892
2026-06-08 18:33:32,223,91,,1,383,347.357,372.279,1.5622
2026-06-08 18:33:33,223,92,,1,383,342.455,375.993,1.6739
2026-06-08 18:33:34,224,91,,1,382,333.09,380.934,1.7067
2026-06-08 18:33:35,224,91,,1,381,317.16,379.76,1.5227
2026-06-08 18:33:36,224,89,,1,380,297.758,365.377,1.0935
2026-06-08 18:33:37,224,88,,1,380,282.961,337.959,0.5548
2026-06-08 18:33:38,224,88,,1,379,279.985,306.605,0.1223
2026-06-08 18:33:39,224,88,,1,379,288.796,283.43,0.0
2026-06-08 18:33:40,223,88,,1,378,301.332,274.945,0.0
2026-06-08 18:33:41,223,88,,1,377,307.502,278.167,0.0885
2026-06-08 18:33:42,223,88,,1,377,302.828,284.513,0.1485
2026-06-08 18:33:43,222,88,,1,377,291.087,287.382,0.1284
2026-06-08 18:33:44,223,88,,1,377,280.082,286.377,0.0858
2026-06-08 18:33:45,223,88,,1,377,275.0,285.0,0.0667
2026-06-08 18:33:46,223,88,,1,377,276.738,281.806,0.1434
2026-06-08 18:33:47,223,88,,1,376,278.657,280.044,0.1891
2026-06-08 18:33:48,223,88,,1,376,281.238,283.208,0.15
2026-06-08 18:33:49,223,88,,1,376,282.266,291.781,0.0396
2026-06-08 18:33:50,222,90,,1,376,278.13,301.425,0.0
2026-06-08 18:33:51,221,91,,1,376,267.591,305.576,0.0
2026-06-08 18:33:52,220,93,,1,376,254.225,300.523,0.0
2026-06-08 18:33:53,220,94,,1,376,244.688,288.479,0.0
2026-06-08 18:33:54,220,94,,1,376,243.862,275.83,0.0
2026-06-08 18:33:55,221,95,,1,376,251.085,268.178,0.0
2026-06-08 18:33:56,221,95,,1,376,260.836,266.597,0.0
2026-06-08 18:33:57,221,95,,1,376,267.206,268.201,0.0
2026-06-08 18:33:58,220,96,,1,376,268.101,269.838,0.0
2026-06-08 18:33:59,220,96,,1,375,265.638,270.972,0.0344
2026-06-08 18:34:00,220,96,,1,375,263.0,273.0,0.0
2026-06-08 18:34:01,220,96,,1,375,264.255,271.68,0.0
2026-06-08 18:34:02,220,97,,1,375,259.543,271.005,0.0
2026-06-08 18:34:03,220,99,,1,375,252.288,269.048,0.0
2026-06-08 18:34:04,220,100,,1,375,249.278,265.577,0.0
2026-06-08 18:34:05,220,102,,1,374,254.865,264.293,0.0
2026-06-08 18:34:06,220,104,,1,374,267.337,270.539,0.1364
2026-06-08 18:34:07,221,107,,1,373,280.736,286.154,0.2821
2026-06-08 18:34:08,221,111,,1,372,290.195,306.458,0.3269
2026-06-08 18:34:09,221,115,,1,371,295.608,322.752,0.2874
2026-06-08 18:34:10,221,118,,1,371,300.331,328.571,0.2274
2026-06-08 18:34:11,221,120,,1,371,306.659,324.304,0.1949
2026-06-08 18:34:12,220,122,,1,371,312.963,316.166,0.1874
2026-06-08 18:34:13,220,123,,1,371,315.463,310.734,0.1742
2026-06-08 18:34:14,220,124,,1,371,312.72,310.142,0.1456
2026-06-08 18:34:15,220,124,,1,371,308.0,312.0,0.133
2026-06-08 18:34:16,220,124,,1,371,306.12,316.498,0.1618
2026-06-08 18:34:17,219,123,,1,371,300.903,315.704,0.194
2026-06-08 18:34:18,220,123,,1,371,295.829,310.226,0.2018
2026-06-08 18:34:19,220,122,,1,372,290.937,303.815,0.1376
2026-06-08 18:34:20,221,122,,1,372,283.759,298.861,0.0
2026-06-08 18:34:21,221,121,,1,373,273.498,293.894,0.0
2026-06-08 18:34:22,221,120,,1,373,263.66,285.738,0.0
2026-06-08 18:34:23,221,120,,1,373,259.893,273.965,0.0
2026-06-08 18:34:24,221,119,,1,374,264.714,262.803,0.0
2026-06-08 18:34:25,221,119,,1,375,274.326,258.096,0.0285
2026-06-08 18:34:26,221,119,,1,376,280.984,261.971,0.132
2026-06-08 18:34:27,220,119,,1,377,279.154,270.415,0.1396
2026-06-08 18:34:28,220,118,,1,377,269.938,276.356,0.0887
2026-06-08 18:34:29,220,117,,1,377,259.803,275.569,0.0347
2026-06-08 18:34:30,220,117,,1,377,255.0,270.0,0.0
2026-06-08 18:34:31,220,117,,1,377,250.64,274.658,0.0
2026-06-08 18:34:32,220,117,,1,377,245.075,280.998,0.0
2026-06-08 18:34:33,220,117,,1,377,244.05,284.274,0.0
2026-06-08 18:34:34,221,118,,1,376,251.386,283.681,0.0
2026-06-08 18:34:35,221,118,,1,376,265.261,282.227,0.0
2026-06-08 18:34:36,221,120,,1,375,279.301,282.896,0.0
2026-06-08 18:34:37,221,121,,1,374,287.597,285.231,0.0
2026-06-08 18:34:38,221,122,,1,373,289.08,285.908,0.0
2026-06-08 18:34:39,220,122,,1,372,287.396,282.681,0.0
2026-06-08 18:34:40,220,122,,1,372,286.79,277.499,0.0
2026-06-08 18:34:41,220,122,,1,371,288.242,275.338,0.0
2026-06-08 18:34:42,220,122,,1,370,289.508,279.607,0.0
2026-06-08 18:34:43,220,122,,1,369,288.584,288.569,0.0
2026-06-08 18:34:44,220,123,,1,369,286.625,296.384,0.0
2026-06-08 18:34:45,220,123,,1,369,287.0,298.0,0.0
2026-06-08 18:34:46,220,123,,1,369,284.495,300.151,0.0
2026-06-08 18:34:47,220,123,,1,370,283.01,303.196,0.0
2026-06-08 18:34:48,219,124,,1,370,280.935,305.758,0.0
2026-06-08 18:34:49,219,123,,1,370,278.495,303.832,0.0
2026-06-08 18:34:50,219,123,,1,370,278.529,294.382,0.0
2026-06-08 18:34:51,220,122,,1,370,283.643,279.241,0.0
2026-06-08 18:34:52,220,122,,1,371,292.578,265.128,0.0
2026-06-08 18:34:53,221,121,,1,372,299.828,259.113,0.0
2026-06-08 18:34:54,221,121,,1,372,299.521,263.276,0.0
2026-06-08 18:34:55,221,120,,1,373,290.318,273.279,0.0
2026-06-08 18:34:56,220,120,,1,373,276.816,282.068,0.0
2026-06-08 18:34:57,220,119,,1,374,266.057,285.275,0.0
2026-06-08 18:34:58,220,120,,1,375,262.233,283.57,0.0
2026-06-08 18:34:59,220,120,,1,375,264.26,280.4,0.0
2026-06-08 18:35:00,220,120,,1,375,268.0,278.0,0.0
2026-06-08 18:35:01,220,120,,1,375,270.263,280.478,0.0
2026-06-08 18:35:02,221,120,,1,375,272.285,286.802,0.0
2026-06-08 18:35:03,221,119,,1,375,270.869,295.569,0.0
2026-06-08 18:35:04,221,118,,1,374,264.308,301.581,0.0
2026-06-08 18:35:05,220,118,,1,374,255.672,299.542,0.0
2026-06-08 18:35:06,220,118,,1,373,251.802,289.116,0.0
2026-06-08 18:35:07,219,118,,1,372,258.18,276.356,0.0383
2026-06-08 18:35:08,219,118,,1,371,274.116,269.649,0.1372
2026-06-08 18:35:09,219,118,,1,371,292.735,273.453,0.2722
2026-06-08 18:35:10,219,118,,1,371,305.997,285.258,0.3716
2026-06-08 18:35:11,220,117,,1,372,310.36,298.247,0.3727
2026-06-08 18:35:12,220,117,,1,372,308.274,306.916,0.2799
2026-06-08 18:35:13,220,116,,1,372,304.707,310.451,0.1652
2026-06-08 18:35:14,220,116,,1,371,302.499,311.271,0.1084
2026-06-08 18:35:15,220,116,,1,371,301.0,311.0,0.133
2026-06-08 18:35:16,220,116,,1,371,302.327,308.256,0.1386
2026-06-08 18:35:17,220,116,,1,371,296.613,304.233,0.0615
2026-06-08 18:35:18,220,116,,1,371,287.547,299.371,0.0
2026-06-08 18:35:19,219,117,,1,372,280.495,297.207,0.0
2026-06-08 18:35:20,220,118,,1,373,277.681,301.385,0.0
2026-06-08 18:35:21,220,119,,1,375,276.848,311.181,0.0
2026-06-08 18:35:22,221,121,,1,376,274.464,320.359,0.0695
2026-06-08 18:35:23,222,122,,1,377,269.956,321.247,0.1109
2026-06-08 18:35:24,222,123,,1,377,266.508,310.816,0.114
2026-06-08 18:35:25,221,124,,1,377,267.576,293.338,0.1211
2026-06-08 18:35:26,220,124,,1,378,272.759,277.15,0.1551
2026-06-08 18:35:27,220,124,,1,378,277.43,268.423,0.1922
2026-06-08 18:35:28,220,124,,1,379,276.819,267.422,0.1877
2026-06-08 18:35:29,220,125,,1,379,270.691,270.135,0.1309
2026-06-08 18:35:30,220,125,,1,379,264.0,273.0,0.0667
2026-06-08 18:35:31,220,125,,1,379,264.002,270.11,0.0931
2026-06-08 18:35:32,220,125,,1,378,263.587,269.764,0.1378
2026-06-08 18:35:33,220,125,,1,379,261.026,270.56,0.1976
2026-06-08 18:35:34,219,125,,1,379,255.37,270.813,0.2263
2026-06-08 18:35:35,219,125,,1,378,248.992,271.296,0.1658
2026-06-08 18:35:36,219,124,,1,377,246.86,274.824,0.0057
2026-06-08 18:35:37,219,123,,1,376,252.644,282.929,0.0
2026-06-08 18:35:38,219,122,,1,375,265.095,293.116,0.0
2026-06-08 18:35:39,220,121,,1,374,278.286,299.864,0.0
2026-06-08 18:35:40,220,121,,1,373,285.815,298.928,0.0
2026-06-08 18:35:41,220,121,,1,372,285.403,291.068,0.0
2026-06-08 18:35:42,220,121,,1,372,279.934,281.666,0.0329
2026-06-08 18:35:43,220,121,,1,371,274.349,276.448,0.0497
2026-06-08 18:35:44,220,121,,1,371,271.537,277.163,0.0265
2026-06-08 18:35:45,220,121,,1,371,271.0,281.0,0.0
2026-06-08 18:35:46,220,121,,1,371,273.886,279.283,0.0581
2026-06-08 18:35:47,220,121,,1,372,279.633,279.832,0.0906
2026-06-08 18:35:48,221,120,,1,373,283.132,284.925,0.1068
2026-06-08 18:35:49,222,119,,1,374,280.598,293.267,0.137
2026-06-08 18:35:50,222,118,,1,375,272.806,299.578,0.1802
2026-06-08 18:35:51,223,117,,1,376,264.154,298.245,0.1921
2026-06-08 18:35:52,223,116,,1,378,258.589,288.032,0.1288
2026-06-08 18:35:53,224,115,,1,380,256.398,273.515,0.004
2026-06-08 18:35:54,224,115,,1,383,254.829,261.763,0.0
2026-06-08 18:35:55,225,114,,1,385,251.63,257.145,0.0
2026-06-08 18:35:56,225,113,,1,386,247.71,258.775,0.0142
2026-06-08 18:35:57,225,113,,1,388,246.144,262.513,0.1935
2026-06-08 18:35:58,225,113,,1,388,248.604,265.117,0.3302
2026-06-08 18:35:59,226,112,,1,389,253.002,266.459,0.3671
2026-06-08 18:36:00,226,112,,1,389,255.0,268.0,0.325
2026-06-08 18:36:01,226,112,,1,389,251.977,261.777,0.3051
2026-06-08 18:36:02,226,110,,1,388,244.95,254.083,0.3739
2026-06-08 18:36:03,226,109,,1,387,235.774,250.882,0.5151
2026-06-08 18:36:04,226,107,,1,386,229.531,255.092,0.6477
2026-06-08 18:36:05,226,105,,1,386,230.708,263.338,0.6868
2026-06-08 18:36:06,226,104,,1,386,238.732,268.081,0.6126
2026-06-08 18:36:07,226,102,,1,386,247.357,263.54,0.485
2026-06-08 18:36:08,225,99,,1,386,249.035,250.176,0.3894
2026-06-08 18:36:09,225,96,,1,385,240.658,233.82,0.368
2026-06-08 18:36:10,225,93,,1,384,225.683,220.56,0.3968
2026-06-08 18:36:11,225,90,,1,384,210.952,212.309,0.4254
2026-06-08 18:36:12,225,88,,1,383,201.339,206.956,0.4333
2026-06-08 18:36:13,226,87,,1,383,197.095,202.252,0.4442
2026-06-08 18:36:14,226,86,,1,382,195.759,198.98,0.4868
2026-06-08 18:36:15,226,86,,1,382,196.0,200.0,0.547
2026-06-08 18:36:16,226,86,,1,382,195.299,204.79,0.4892
2026-06-08 18:36:17,226,86,,1,382,199.023,202.514,0.4589
2026-06-08 18:36:18,226,86,,1,383,205.185,197.694,0.4111
2026-06-08 18:36:19,226,85,,1,384,216.149,199.368,0.4042
2026-06-08 18:36:20,226,83,,1,384,236.076,212.665,0.5889
2026-06-08 18:36:21,226,82,,1,384,264.743,234.458,1.0636
2026-06-08 18:36:22,226,80,,1,384,294.48,256.95,1.7367
2026-06-08 18:36:23,227,79,,1,384,314.324,275.215,2.3435
2026-06-08 18:36:24,226,78,,1,383,318.386,291.013,2.6282
2026-06-08 18:36:25,226,78,,1,384,310.86,309.273,2.5354
2026-06-08 18:36:26,225,78,,1,384,302.824,331.169,2.2429
2026-06-08 18:36:27,224,77,,1,384,303.475,351.238,2.008
2026-06-08 18:36:28,224,77,,1,385,313.515,361.822,1.9697
2026-06-08 18:36:29,225,76,,1,385,326.171,360.513,2.0792
2026-06-08 18:36:30,225,76,,1,385,334.0,353.0,2.2
2026-06-08 18:36:31,225,76,,1,385,339.686,351.609,2.1867
2026-06-08 18:36:32,225,76,,1,384,339.184,351.573,1.9865
2026-06-08 18:36:33,225,75,,1,384,331.015,350.346,1.7478
2026-06-08 18:36:34,225,75,,1,384,319.493,348.668,1.5442
2026-06-08 18:36:35,224,74,,1,384,310.628,349.781,1.3172
2026-06-08 18:36:36,223,73,,1,384,306.833,354.953,0.9798
2026-06-08 18:36:37,222,73,,1,384,305.539,360.303,0.564
2026-06-08 18:36:38,222,73,,1,383,302.762,358.875,0.2434
2026-06-08 18:36:39,223,73,,1,382,297.753,346.638,0.1914
2026-06-08 18:36:40,223,74,,1,380,293.872,326.848,0.4063
2026-06-08 18:36:41,224,74,,1,379,294.822,308.347,0.6814
2026-06-08 18:36:42,224,73,,1,379,300.202,298.993,0.7646
2026-06-08 18:36:43,223,73,,1,379,305.151,300.006,0.5669
2026-06-08 18:36:44,223,72,,1,379,304.753,306.127,0.231
2026-06-08 18:36:45,223,72,,1,379,299.0,311.0,0.0
2026-06-08 18:36:46,223,72,,1,379,294.231,308.386,0.0324
2026-06-08 18:36:47,223,72,,1,379,294.683,304.944,0.0801
2026-06-08 18:36:48,223,73,,1,380,300.17,300.437,0.1221
2026-06-08 18:36:49,223,73,,1,380,305.877,297.759,0.1064
2026-06-08 18:36:50,223,74,,1,380,306.887,300.785,0.0
2026-06-08 18:36:51,223,76,,1,379,302.465,309.902,0.0
2026-06-08 18:36:52,223,77,,1,379,296.078,319.93,0.0
2026-06-08 18:36:53,223,78,,1,379,291.444,323.18,0.0
2026-06-08 18:36:54,224,78,,1,379,288.776,315.44,0.0
2026-06-08 18:36:55,224,78,,1,379,285.04,299.573,0.0
2026-06-08 18:36:56,224,78,,1,380,277.837,283.411,0.093
2026-06-08 18:36:57,224,78,,1,381,268.766,273.81,0.1483
2026-06-08 18:36:58,223,79,,1,381,262.584,272.135,0.1335
2026-06-08 18:36:59,223,80,,1,381,262.793,274.86,0.097
2026-06-08 18:37:00,223,80,,1,381,268.0,278.0,0.0667
2026-06-08 18:37:01,223,80,,1,381,267.681,280.529,0.0699
2026-06-08 18:37:02,224,81,,1,382,261.601,280.592,0.031
2026-06-08 18:37:03,224,82,,1,381,252.709,280.35,0.0164
2026-06-08 18:37:04,224,85,,1,380,247.3,280.37,0.0452
2026-06-08 18:37:05,224,88,,1,379,249.968,278.12,0.0755
2026-06-08 18:37:06,224,91,,1,379,259.694,270.642,0.0655
2026-06-08 18:37:07,224,94,,1,379,270.697,258.724,0.0391
2026-06-08 18:37:08,224,96,,1,379,277.249,247.967,0.0817
2026-06-08 18:37:09,224,97,,1,379,277.976,245.003,0.2605
2026-06-08 18:37:10,224,99,,1,379,275.868,251.977,0.5467
2026-06-08 18:37:11,225,101,,1,379,274.484,264.404,0.8194
2026-06-08 18:37:12,226,103,,1,379,274.421,274.557,0.9556
2026-06-08 18:37:13,227,105,,1,379,273.55,277.422,0.9271
2026-06-08 18:37:14,227,106,,1,379,270.432,273.948,0.8153
2026-06-08 18:37:15,227,106,,1,379,267.0,269.0,0.733
2026-06-08 18:37:16,227,106,,1,379,262.863,273.171,0.7873
2026-06-08 18:37:17,226,106,,1,379,256.713,279.796,0.7939
2026-06-08 18:37:18,226,106,,1,379,252.485,282.046,0.7784
2026-06-08 18:37:19,225,106,,1,379,255.043,275.954,0.772
2026-06-08 18:37:20,225,107,,1,378,264.944,263.76,0.7572
2026-06-08 18:37:21,224,108,,1,378,276.169,251.5,0.6755
2026-06-08 18:37:22,223,107,,1,377,279.771,243.388,0.4938
2026-06-08 18:37:23,222,107,,1,376,270.748,238.552,0.261
2026-06-08 18:37:24,222,105,,1,376,252.12,233.116,0.0902
2026-06-08 18:37:25,222,105,,1,377,232.539,225.179,0.073
2026-06-08 18:37:26,222,104,,1,377,219.655,217.377,0.2024
2026-06-08 18:37:27,222,104,,1,378,215.172,214.318,0.3761
2026-06-08 18:37:28,221,105,,1,378,215.593,217.501,0.4789
2026-06-08 18:37:29,220,105,,1,377,217.054,223.067,0.4703
2026-06-08 18:37:30,220,105,,1,377,219.0,225.0,0.4
2026-06-08 18:37:31,220,105,,1,376,216.988,223.218,0.4164
2026-06-08 18:37:32,219,106,,1,375,216.214,217.973,0.4341
2026-06-08 18:37:33,218,107,,1,374,214.954,215.009,0.4141
2026-06-08 18:37:34,217,108,,1,373,212.544,217.79,0.3203
2026-06-08 18:37:35,217,108,,1,373,211.893,224.679,0.1839
2026-06-08 18:37:36,217,108,,1,372,217.761,231.372,0.109
2026-06-08 18:37:37,218,108,,1,370,231.998,235.788,0.1972
2026-06-08 18:37:38,218,108,,1,369,250.429,240.215,0.4573
2026-06-08 18:37:39,218,108,,1,367,264.913,248.472,0.783
2026-06-08 18:37:40,217,109,,1,366,269.249,261.037,1.0261
2026-06-08 18:37:41,216,110,,1,365,263.804,273.341,1.1037
2026-06-08 18:37:42,215,111,,1,364,254.775,279.3,1.046
2026-06-08 18:37:43,214,111,,1,362,248.891,276.871,0.9497
2026-06-08 18:37:44,214,112,,1,361,248.465,270.184,0.8887
2026-06-08 18:37:45,214,112,,1,361,251.0,266.0,0.867
2026-06-08 18:37:46,214,112,,1,361,248.841,268.096,0.9146
2026-06-08 18:37:47,215,111,,1,362,246.662,272.479,0.999
2026-06-08 18:37:48,216,112,,1,364,247.064,277.805,1.0249
2026-06-08 18:37:49,217,111,,1,367,252.974,279.358,0.9557
2026-06-08 18:37:50,219,111,,1,369,263.854,272.688,0.8374
2026-06-08 18:37:51,220,110,,1,371,274.498,258.247,0.7382
2026-06-08 18:37:52,221,110,,1,373,278.265,242.351,0.6697
2026-06-08 18:37:53,221,109,,1,374,272.271,233.026,0.5755
2026-06-08 18:37:54,222,109,,1,376,259.884,234.09,0.399
2026-06-08 18:37:55,222,108,,1,378,248.191,242.639,0.1598
2026-06-08 18:37:56,223,107,,1,381,242.647,251.97,0.0
2026-06-08 18:37:57,225,106,,1,383,243.62,257.059,0.0
2026-06-08 18:37:58,226,105,,1,385,247.521,257.586,0.0
2026-06-08 18:37:59,227,105,,1,386,250.862,256.281,0.0799
2026-06-08 18:38:00,227,105,,1,386,253.0,255.0,0.133
2026-06-08 18:38:01,227,105,,1,386,248.332,251.771,0.1455
2026-06-08 18:38:02,227,104,,1,386,240.32,249.733,0.0945
2026-06-08 18:38:03,227,104,,1,386,235.154,247.913,0.0589
2026-06-08 18:38:04,228,103,,1,386,237.098,244.754,0.0879
2026-06-08 18:38:05,228,103,,1,387,244.829,241.342,0.1551
2026-06-08 18:38:06,229,104,,1,387,252.717,241.475,0.2008
2026-06-08 18:38:07,230,105,,1,386,255.777,248.041,0.2118
2026-06-08 18:38:08,230,105,,1,385,253.611,259.263,0.2512
2026-06-08 18:38:09,230,105,,1,384,249.78,268.866,0.3997
2026-06-08 18:38:10,230,104,,1,383,247.635,270.621,0.665
2026-06-08 18:38:11,229,104,,1,383,247.003,263.366,0.9515
2026-06-08 18:38:12,229,104,,1,383,245.038,251.938,1.1279
2026-06-08 18:38:13,229,104,,1,383,240.134,243.181,1.1345
2026-06-08 18:38:14,230,103,,1,383,234.593,240.699,1.0297
2026-06-08 18:38:15,230,103,,1,383,233.0,243.0,0.933
2026-06-08 18:38:16,230,103,,1,383,230.781,244.834,0.9064
2026-06-08 18:38:17,230,103,,1,383,224.795,245.412,0.9902
2026-06-08 18:38:18,229,103,,1,383,219.612,241.699,1.1527
2026-06-08 18:38:19,229,103,,1,384,217.183,231.145,1.2908
2026-06-08 18:38:20,229,102,,1,384,215.676,215.708,1.3126
2026-06-08 18:38:21,230,102,,1,385,212.432,202.172,1.2121
2026-06-08 18:38:22,231,101,,1,387,207.676,197.629,1.0686
2026-06-08 18:38:23,232,101,,1,389,204.924,203.831,0.9725
2026-06-08 18:38:24,232,102,,1,390,207.432,215.557,0.9513
2026-06-08 18:38:25,232,103,,1,391,214.298,224.613,0.9629
2026-06-08 18:38:26,232,104,,1,392,220.359,225.976,0.9553
2026-06-08 18:38:27,232,104,,1,392,220.392,220.737,0.9267
2026-06-08 18:38:28,232,104,,1,392,213.802,213.733,0.9233
2026-06-08 18:38:29,232,103,,1,392,205.319,208.73,0.9785
2026-06-08 18:38:30,232,103,,1,392,201.0,206.0,1.06
2026-06-08 18:38:31,232,103,,1,392,200.057,204.831,0.9436
2026-06-08 18:38:32,231,102,,1,392,199.128,208.504,0.9134
2026-06-08 18:38:33,231,101,,1,392,197.008,216.309,1.0184
2026-06-08 18:38:34,230,100,,1,391,192.847,223.685,1.1855
2026-06-08 18:38:35,230,98,,1,390,188.474,225.574,1.2753
2026-06-08 18:38:36,230,97,,1,390,187.921,220.561,1.1992
2026-06-08 18:38:37,231,97,,1,389,194.07,211.994,0.9881
2026-06-08 18:38:38,231,96,,1,388,205.511,205.102,0.7539
2026-06-08 18:38:39,231,95,,1,387,216.801,202.797,0.5855
2026-06-08 18:38:40,230,94,,1,386,222.301,203.995,0.4823
2026-06-08 18:38:41,229,93,,1,386,220.317,205.671,0.3836
2026-06-08 18:38:42,229,93,,1,386,213.962,206.232,0.2559
2026-06-08 18:38:43,228,92,,1,387,208.159,206.723,0.1417
2026-06-08 18:38:44,228,92,,1,386,205.717,208.82,0.1167
2026-06-08 18:38:45,228,91,,1,386,206.0,212.0,0.201
2026-06-08 18:38:46,228,91,,1,386,209.8,212.856,0.1229
2026-06-08 18:38:47,228,90,,1,386,219.003,209.574,0.1637
2026-06-08 18:38:48,227,89,,1,386,228.94,202.184,0.3421
2026-06-08 18:38:49,226,87,,1,386,232.717,195.885,0.5729
2026-06-08 18:38:50,225,87,,1,385,226.988,197.688,0.7339
2026-06-08 18:38:51,223,86,,1,384,215.421,210.505,0.7655
2026-06-08 18:38:52,223,86,,1,384,206.306,230.107,0.7107
2026-06-08 18:38:53,222,85,,1,383,206.191,247.957,0.662
2026-06-08 18:38:54,223,84,,1,382,215.134,257.543,0.6718
2026-06-08 18:38:55,223,83,,1,381,227.607,258.62,0.7133
2026-06-08 18:38:56,222,82,,1,381,237.735,255.918,0.7262
2026-06-08 18:38:57,222,81,,1,380,243.711,254.093,0.693
2026-06-08 18:38:58,221,80,,1,381,247.469,254.018,0.6638
2026-06-08 18:38:59,220,79,,1,381,250.716,253.672,0.7008
2026-06-08 18:39:00,220,79,,1,381,252.0,252.0,0.801
2026-06-08 18:39:01,220,79,,1,381,249.439,250.018,0.7887
2026-06-08 18:39:02,220,78,,1,382,250.371,246.916,0.7888
2026-06-08 18:39:03,220,76,,1,382,254.107,242.354,0.7763
2026-06-08 18:39:04,220,74,,1,382,256.848,238.068,0.7285
2026-06-08 18:39:05,221,71,,1,383,254.994,237.055,0.6759
2026-06-08 18:39:06,222,69,,1,383,248.219,240.663,0.6982
2026-06-08 18:39:07,222,66,,1,383,239.476,246.498,0.8586
2026-06-08 18:39:08,223,62,,1,383,232.123,249.558,1.1359
2026-06-08 18:39:09,223,59,,1,384,227.064,245.972,1.4221
2026-06-08 18:39:10,223,56,,1,385,222.642,236.136,1.5959
2026-06-08 18:39:11,224,53,,1,386,217.157,224.425,1.6113
2026-06-08 18:39:12,224,52,,1,387,211.235,215.774,1.5227
2026-06-08 18:39:13,224,50,,1,387,207.492,212.239,1.4289
2026-06-08 18:39:14,224,49,,1,387,207.797,212.452,1.3911
2026-06-08 18:39:15,224,49,,1,387,211.0,214.0,1.4
2026-06-08 18:39:16,224,49,,1,387,206.843,225.534,1.2037
2026-06-08 18:39:17,224,49,,1,387,210.01,238.34,1.0884
2026-06-08 18:39:18,224,49,,1,386,221.037,245.795,1.218
2026-06-08 18:39:19,224,49,,1,385,235.869,249.063,1.5712
2026-06-08 18:39:20,224,50,,1,383,251.048,254.796,1.9762
2026-06-08 18:39:21,224,50,,1,381,267.786,268.047,2.2809
2026-06-08 18:39:22,224,51,,1,379,290.332,287.436,2.4849
2026-06-08 18:39:23,224,51,,1,377,320.136,307.088,2.7055
2026-06-08 18:39:24,223,52,,1,376,351.968,322.968,3.0209
2026-06-08 18:39:25,223,52,,1,374,376.521,336.871,3.3596
2026-06-08 18:39:26,223,53,,1,374,387.618,353.852,3.5548
2026-06-08 18:39:27,224,54,,1,373,387.345,375.707,3.5134
2026-06-08 18:39:28,224,54,,1,372,384.111,397.343,3.3263
2026-06-08 18:39:29,224,54,,1,371,385.264,410.078,3.2006
2026-06-08 18:39:30,224,54,,1,371,391.0,409.0,3.27
2026-06-08 18:39:31,224,54,,1,371,391.216,413.48,3.1263
2026-06-08 18:39:32,223,54,,1,371,383.742,411.12,2.7651
2026-06-08 18:39:33,223,55,,1,371,372.606,400.849,2.4244
2026-06-08 18:39:34,222,56,,1,371,364.065,387.369,2.2848
2026-06-08 18:39:35,222,57,,1,371,361.332,377.348,2.3273
2026-06-08 18:39:36,223,58,,1,372,362.351,373.96,2.3796
2026-06-08 18:39:37,223,59,,1,372,362.532,374.852,2.2988
2026-06-08 18:39:38,222,61,,1,372,359.518,375.203,2.1041
2026-06-08 18:39:39,222,62,,1,372,355.19,372.613,1.9339
2026-06-08 18:39:40,221,64,,1,371,353.104,368.972,1.8803
2026-06-08 18:39:41,221,65,,1,371,354.21,367.688,1.8797
2026-06-08 18:39:42,221,66,,1,371,355.47,369.436,1.7764
2026-06-08 18:39:43,220,67,,1,371,352.941,371.041,1.4984
2026-06-08 18:39:44,220,67,,1,371,346.287,368.819,1.1637
2026-06-08 18:39:45,220,67,,1,371,340.0,363.0,1.0
2026-06-08 18:39:46,220,67,,1,371,341.662,366.099,0.9958
2026-06-08 18:39:47,220,68,,1,371,335.745,369.411,0.9712
2026-06-08 18:39:48,220,68,,1,371,324.329,367.972,0.9458
2026-06-08 18:39:49,220,69,,1,371,313.161,360.5,0.9494
2026-06-08 18:39:50,221,69,,1,371,306.875,350.11,0.9728
2026-06-08 18:39:51,221,70,,1,371,305.415,340.7,0.9531
2026-06-08 18:39:52,221,70,,1,372,304.92,332.928,0.82
2026-06-08 18:39:53,221,71,,1,372,301.945,323.974,0.5631
2026-06-08 18:39:54,220,73,,1,373,296.74,311.306,0.257
2026-06-08 18:39:55,220,74,,1,373,292.434,296.44,0.0146
2026-06-08 18:39:56,219,75,,1,372,291.228,284.605,0.0
2026-06-08 18:39:57,220,76,,1,372,291.717,280.324,0.0
2026-06-08 18:39:58,220,77,,1,372,290.262,283.147,0.0
2026-06-08 18:39:59,220,77,,1,372,285.108,287.829,0.0
2026-06-08 18:40:00,220,77,,1,372,279.0,289.0,0.0
2026-06-08 18:40:01,220,77,,1,372,280.042,286.171,0.0074
2026-06-08 18:40:02,220,78,,1,372,281.259,281.555,0.0
2026-06-08 18:40:03,221,79,,1,373,282.172,278.479,0.0
2026-06-08 18:40:04,221,80,,1,374,283.942,280.379,0.0
2026-06-08 18:40:05,221,82,,1,374,287.36,287.523,0.0
2026-06-08 18:40:06,222,83,,1,375,290.938,296.138,0.1363
2026-06-08 18:40:07,223,85,,1,375,291.449,301.034,0.3752
2026-06-08 18:40:08,224,86,,1,375,286.745,299.543,0.5654
2026-06-08 18:40:09,224,88,,1,375,278.198,293.305,0.6629
2026-06-08 18:40:10,224,89,,1,375,270.234,286.453,0.692
2026-06-08 18:40:11,224,90,,1,376,267.092,282.084,0.7065
2026-06-08 18:40:12,224,92,,1,376,269.61,280.324,0.7345
2026-06-08 18:40:13,224,93,,1,377,274.886,279.485,0.7605
2026-06-08 18:40:14,225,94,,1,377,278.971,278.691,0.7581
2026-06-08 18:40:15,225,94,,1,377,280.0,279.0,0.733
2026-06-08 18:40:16,225,94,,1,377,280.357,276.722,0.692
2026-06-08 18:40:17,225,94,,1,377,280.173,272.305,0.6375
2026-06-08 18:40:18,226,93,,1,377,277.499,267.544,0.6196
2026-06-08 18:40:19,226,91,,1,377,273.128,261.648,0.7048
2026-06-08 18:40:20,226,90,,1,378,269.304,253.16,0.9086
2026-06-08 18:40:21,226,88,,1,379,266.512,242.946,1.1625
2026-06-08 18:40:22,225,87,,1,379,262.015,234.758,1.3526
2026-06-08 18:40:23,225,86,,1,379,252.104,232.343,1.403
2026-06-08 18:40:24,225,86,,1,379,236.099,235.729,1.3298
2026-06-08 18:40:25,225,85,,1,379,218.111,240.457,1.2204
2026-06-08 18:40:26,225,84,,1,379,204.519,240.879,1.1588
2026-06-08 18:40:27,226,83,,1,380,199.195,234.728,1.1665
2026-06-08 18:40:28,226,82,,1,380,200.766,224.871,1.2078
2026-06-08 18:40:29,226,81,,1,380,204.348,216.745,1.243
2026-06-08 18:40:30,226,81,,1,380,206.0,214.0,1.27
2026-06-08 18:40:31,226,81,,1,380,210.355,218.625,1.1696
2026-06-08 18:40:32,226,81,,1,380,217.729,227.445,1.0743
2026-06-08 18:40:33,226,80,,1,379,224.402,236.646,1.0675
2026-06-08 18:40:34,226,80,,1,379,230.197,240.963,1.1607
2026-06-08 18:40:35,226,80,,1,378,237.392,238.467,1.2702
2026-06-08 18:40:36,225,80,,1,378,247.015,233.288,1.2798
2026-06-08 18:40:37,225,79,,1,378,256.681,233.144,1.1337
2026-06-08 18:40:38,224,79,,1,378,262.452,243.392,0.8791
2026-06-08 18:40:39,224,79,,1,378,262.969,262.752,0.6205
2026-06-08 18:40:40,224,79,,1,378,261.541,284.439,0.4337
2026-06-08 18:40:41,224,78,,1,378,263.744,301.496,0.3191
2026-06-08 18:40:42,224,78,,1,378,272.462,311.407,0.2324
2026-06-08 18:40:43,224,77,,1,378,285.021,316.13,0.1507
2026-06-08 18:40:44,224,77,,1,377,295.152,318.31,0.1032
2026-06-08 18:40:45,224,77,,1,377,298.0,318.0,0.133
2026-06-08 18:40:46,224,77,,1,377,295.591,315.523,0.1157
2026-06-08 18:40:47,224,77,,1,377,294.457,311.769,0.0457
2026-06-08 18:40:48,223,76,,1,377,293.095,308.833,0.0
2026-06-08 18:40:49,223,76,,1,378,290.826,309.89,0.0
2026-06-08 18:40:50,223,76,,1,378,289.288,315.712,0.0
2026-06-08 18:40:51,223,76,,1,379,290.861,322.642,0.0288
2026-06-08 18:40:52,224,77,,1,380,295.595,324.594,0.049
2026-06-08 18:40:53,224,77,,1,380,299.997,317.73,0.0442
2026-06-08 18:40:54,225,77,,1,380,299.359,303.744,0.0453
2026-06-08 18:40:55,224,77,,1,380,291.776,288.721,0.0766
2026-06-08 18:40:56,224,77,,1,380,280.124,278.564,0.124
2026-06-08 18:40:57,223,76,,1,380,270.038,275.05,0.1449
2026-06-08 18:40:58,223,76,,1,380,265.625,275.771,0.1121
2026-06-08 18:40:59,223,76,,1,381,266.726,277.444,0.0455
2026-06-08 18:41:00,223,76,,1,381,270.0,279.0,0.0
2026-06-08 18:41:01,223,76,,1,381,272.05,278.505,0.0
2026-06-08 18:41:02,223,77,,1,381,275.27,278.432,0.0
2026-06-08 18:41:03,223,77,,1,380,279.371,277.384,0.0
2026-06-08 18:41:04,223,77,,1,380,281.765,274.491,0.0
2026-06-08 18:41:05,224,77,,1,380,279.547,271.715,0.0
2026-06-08 18:41:06,224,78,,1,380,272.79,273.206,0.0
2026-06-08 18:41:07,224,78,,1,380,265.682,281.8,0.0
2026-06-08 18:41:08,224,78,,1,380,263.88,295.855,0.1616
2026-06-08 18:41:09,223,78,,1,380,270.124,309.657,0.2956
2026-06-08 18:41:10,223,78,,1,379,281.97,317.399,0.3363
2026-06-08 18:41:11,223,78,,1,378,293.701,317.361,0.2864
2026-06-08 18:41:12,223,79,,1,377,300.672,312.668,0.2016
2026-06-08 18:41:13,223,80,,1,377,302.219,308.177,0.1412
2026-06-08 18:41:14,223,80,,1,377,300.843,306.543,0.1248
2026-06-08 18:41:15,223,80,,1,377,299.0,307.0,0.133
2026-06-08 18:41:16,223,80,,1,377,299.619,310.073,0.1818
2026-06-08 18:41:17,223,81,,1,377,300.883,310.969,0.2423
2026-06-08 18:41:18,223,82,,1,378,300.296,306.117,0.2563
2026-06-08 18:41:19,223,84,,1,378,297.842,294.805,0.2001
2026-06-08 18:41:20,223,86,,1,379,295.561,280.971,0.1037
2026-06-08 18:41:21,223,88,,1,379,294.624,270.878,0.0216
2026-06-08 18:41:22,223,89,,1,379,293.239,268.445,0.0
2026-06-08 18:41:23,224,92,,1,379,287.892,272.365,0.0
2026-06-08 18:41:24,224,94,,1,380,276.973,277.545,0.0
2026-06-08 18:41:25,224,95,,1,381,263.188,279.442,0.0
2026-06-08 18:41:26,224,97,,1,382,252.11,277.287,0.0
2026-06-08 18:41:27,223,98,,1,383,247.93,273.53,0.0
2026-06-08 18:41:28,223,99,,1,383,250.219,270.597,0.0
2026-06-08 18:41:29,223,99,,1,383,254.664,268.553,0.0
2026-06-08 18:41:30,223,100,,1,383,257.0,266.0,0.0
